date,proton_flux
2006-01-01,13000.0
2006-01-02,14000.0
2006-01-03,14000.0
2006-01-04,15000.0
2006-01-05,15000.0
2006-01-06,16000.0
2006-01-07,16000.0
2006-01-08,16000.0
2006-01-09,15000.0
2006-01-10,15000.0
2006-01-11,15000.0
2006-01-12,16000.0
2006-01-13,15000.0
2006-01-14,14000.0
2006-01-15,16000.0
2006-01-16,15000.0
2006-01-17,14000.0
2006-01-18,14000.0
2006-01-19,15000.0
2006-01-20,15000.0
2006-01-21,15000.0
2006-01-22,16000.0
2006-01-23,16000.0
2006-01-24,15000.0
2006-01-25,14000.0
2006-01-26,14000.0
2006-01-27,14000.0
2006-01-28,14000.0
2006-01-29,14000.0
2006-01-30,14000.0
2006-01-31,14000.0
2006-02-01,15000.0
2006-02-02,16000.0
2006-02-03,15000.0
2006-02-04,15000.0
2006-02-05,16000.0
2006-02-06,15000.0
2006-02-07,16000.0
2006-02-08,15000.0
2006-02-09,16000.0
2006-02-10,16000.0
2006-02-11,16000.0
2006-02-12,15000.0
2006-02-13,15000.0
2006-02-14,15000.0
2006-02-15,15000.0
2006-02-16,15000.0
2006-02-17,15000.0
2006-02-18,15000.0
2006-02-19,16000.0
2006-02-20,15000.0
2006-02-21,15000.0
2006-02-22,15000.0
2006-02-23,14000.0
2006-02-24,16000.0
2006-02-25,15000.0
2006-02-26,16000.0
2006-02-27,15000.0
2006-02-28,15000.0
2006-03-01,15000.0
2006-03-02,16000.0
2006-03-03,16000.0
2006-03-04,15000.0
2006-03-05,16000.0
2006-03-06,16000.0
2006-03-07,15000.0
2006-03-08,16000.0
2006-03-09,16000.0
2006-03-10,16000.0
2006-03-11,15000.0
2006-03-12,15000.0
2006-03-13,17000.0
2006-03-14,16000.0
2006-03-15,16000.0
2006-03-16,15000.0
2006-03-17,15000.0
2006-03-18,15000.0
2006-03-19,15000.0
2006-03-20,15000.0
2006-03-21,15000.0
2006-03-22,16000.0
2006-03-23,16000.0
2006-03-24,15000.0
2006-03-25,16000.0
2006-03-26,16000.0
2006-03-27,16000.0
2006-03-28,16000.0
2006-03-29,17000.0
2006-03-30,16000.0
2006-03-31,17000.0
2006-04-01,16000.0
2006-04-02,17000.0
2006-04-03,17000.0
2006-04-04,17000.0
2006-04-05,16000.0
2006-04-06,16000.0
2006-04-07,17000.0
2006-04-08,16000.0
2006-04-09,15000.0
2006-04-10,15000.0
2006-04-11,16000.0
2006-04-12,16000.0
2006-04-13,15000.0
2006-04-14,15000.0
2006-04-15,15000.0
2006-04-16,15000.0
2006-04-17,15000.0
2006-04-18,16000.0
2006-04-19,16000.0
2006-04-20,16000.0
2006-04-21,17000.0
2006-04-22,16000.0
2006-04-23,17000.0
2006-04-24,16000.0
2006-04-25,16000.0
2006-04-26,17000.0
2006-04-27,17000.0
2006-04-28,17000.0
2006-04-29,17000.0
2006-04-30,17000.0
2006-05-01,18000.0
2006-05-02,18000.0
2006-05-03,18000.0
2006-05-04,16000.0
2006-05-05,16000.0
2006-05-06,16000.0
2006-05-07,16000.0
2006-05-08,16000.0
2006-05-09,16000.0
2006-05-10,16000.0
2006-05-11,16000.0
2006-05-12,16000.0
2006-05-13,16000.0
2006-05-14,16000.0
2006-05-15,16000.0
2006-05-16,15000.0
2006-05-17,16000.0
2006-05-18,17000.0
2006-05-19,15000.0
2006-05-20,15000.0
2006-05-21,16000.0
2006-05-22,16000.0
2006-05-23,15000.0
2006-05-24,16000.0
2006-05-25,16000.0
2006-05-26,16000.0
2006-05-27,16000.0
2006-05-28,17000.0
2006-05-29,17000.0
2006-05-30,17000.0
2006-05-31,16000.0
2006-06-01,16000.0
2006-06-02,16000.0
2006-06-03,16000.0
2006-06-04,16000.0
2006-06-05,16000.0
2006-06-06,16000.0
2006-06-07,15000.0
2006-06-08,16000.0
2006-06-09,16000.0
2006-06-10,15000.0
2006-06-11,15000.0
2006-06-12,16000.0
2006-06-13,16000.0
2006-06-14,16000.0
2006-06-15,15000.0
2006-06-16,16000.0
2006-06-17,16000.0
2006-06-18,16000.0
2006-06-19,16000.0
2006-06-20,16000.0
2006-06-21,17000.0
2006-06-22,17000.0
2006-06-23,16000.0
2006-06-24,17000.0
2006-06-25,16000.0
2006-06-26,17000.0
2006-06-27,17000.0
2006-06-28,16000.0
2006-06-29,16000.0
2006-06-30,17000.0
2006-07-01,17000.0
2006-07-02,17000.0
2006-07-03,17000.0
2006-07-04,16000.0
2006-07-05,16000.0
2006-07-06,70000.0
2006-07-07,78000.0
2006-07-08,23000.0
2006-07-09,19000.0
2006-07-10,15000.0
2006-07-11,14000.0
2006-07-12,15000.0
2006-07-13,16000.0
2006-07-14,15000.0
2006-07-15,17000.0
2006-07-16,16000.0
2006-07-17,16000.0
2006-07-18,16000.0
2006-07-19,16000.0
2006-07-20,16000.0
2006-07-21,17000.0
2006-07-22,17000.0
2006-07-23,16000.0
2006-07-24,18000.0
2006-07-25,16000.0
2006-07-26,17000.0
2006-07-27,16000.0
2006-07-28,15000.0
2006-07-29,16000.0
2006-07-30,16000.0
2006-07-31,16000.0
2006-08-01,16000.0
2006-08-02,16000.0
2006-08-03,16000.0
2006-08-04,16000.0
2006-08-05,17000.0
2006-08-06,17000.0
2006-08-07,17000.0
2006-08-08,16000.0
2006-08-09,16000.0
2006-08-10,16000.0
2006-08-11,16000.0
2006-08-12,16000.0
2006-08-13,16000.0
2006-08-14,16000.0
2006-08-15,16000.0
2006-08-16,16000.0
2006-08-17,17000.0
2006-08-18,17000.0
2006-08-19,16000.0
2006-08-20,15000.0
2006-08-21,14000.0
2006-08-22,15000.0
2006-08-23,15000.0
2006-08-24,16000.0
2006-08-25,16000.0
2006-08-26,17000.0
2006-08-27,16000.0
2006-08-28,17000.0
2006-08-29,17000.0
2006-08-30,16000.0
2006-08-31,16000.0
2006-09-01,16000.0
2006-09-02,15000.0
2006-09-03,16000.0
2006-09-04,16000.0
2006-09-05,15000.0
2006-09-06,16000.0
2006-09-07,17000.0
2006-09-08,16000.0
2006-09-09,16000.0
2006-09-10,16000.0
2006-09-11,17000.0
2006-09-12,17000.0
2006-09-13,17000.0
2006-09-14,18000.0
2006-09-15,18000.0
2006-09-16,17000.0
2006-09-17,17000.0
2006-09-18,17000.0
2006-09-19,16000.0
2006-09-20,16000.0
2006-09-21,16000.0
2006-09-22,17000.0
2006-09-23,16000.0
2006-09-24,17000.0
2006-09-25,16000.0
2006-09-26,16000.0
2006-09-27,16000.0
2006-09-28,16000.0
2006-09-29,16000.0
2006-09-30,17000.0
2006-10-01,15000.0
2006-10-02,15000.0
2006-10-03,16000.0
2006-10-04,16000.0
2006-10-05,17000.0
2006-10-06,17000.0
2006-10-07,17000.0
2006-10-08,17000.0
2006-10-09,17000.0
2006-10-10,17000.0
2006-10-11,17000.0
2006-10-12,18000.0
2006-10-13,17000.0
2006-10-14,17000.0
2006-10-15,17000.0
2006-10-16,17000.0
2006-10-17,16000.0
2006-10-18,17000.0
2006-10-19,17000.0
2006-10-20,18000.0
2006-10-21,16000.0
2006-10-22,16000.0
2006-10-23,16000.0
2006-10-24,17000.0
2006-10-25,16000.0
2006-10-26,16000.0
2006-10-27,16000.0
2006-10-28,16000.0
2006-10-29,17000.0
2006-10-30,16000.0
2006-10-31,17000.0
2006-11-01,17000.0
2006-11-02,17000.0
2006-11-03,17000.0
2006-11-04,16000.0
2006-11-05,17000.0
2006-11-06,18000.0
2006-11-07,19000.0
2006-11-08,18000.0
2006-11-09,18000.0
2006-11-10,19000.0
2006-11-11,17000.0
2006-11-12,16000.0
2006-11-13,15000.0
2006-11-14,16000.0
2006-11-15,16000.0
2006-11-16,16000.0
2006-11-17,16000.0
2006-11-18,17000.0
2006-11-19,16000.0
2006-11-20,18000.0
2006-11-21,17000.0
2006-11-22,17000.0
2006-11-23,16000.0
2006-11-24,16000.0
2006-11-25,16000.0
2006-11-26,16000.0
2006-11-27,16000.0
2006-11-28,17000.0
2006-11-29,16000.0
2006-11-30,17000.0
2006-12-01,17000.0
2006-12-02,17000.0
2006-12-03,17000.0
2006-12-04,16000.0
2006-12-05,77000.0
2006-12-06,880000.0
2006-12-07,67000000.0
2006-12-08,65000000.0
2006-12-09,18000000.0
2006-12-10,8600000.0
2006-12-11,3500000.0
2006-12-12,890000.0
2006-12-13,27000000.0
2006-12-14,10000000.0
2006-12-15,2200000.0
2006-12-16,180000.0
2006-12-17,37000.0
2006-12-18,23000.0
2006-12-19,22000.0
2006-12-20,18000.0
2006-12-21,16000.0
2006-12-22,17000.0
2006-12-23,16000.0
2006-12-24,17000.0
2006-12-25,17000.0
2006-12-26,17000.0
2006-12-27,17000.0
2006-12-28,18000.0
2006-12-29,17000.0
2006-12-30,18000.0
2006-12-31,18000.0
