date,xray_flux
2003-01-01,1.7e-07
2003-01-02,1.8e-07
2003-01-03,3.2999999999999996e-07
2003-01-04,4.4e-07
2003-01-05,4.5999999999999994e-07
2003-01-06,7.4e-07
2003-01-07,9.3e-07
2003-01-08,9.4e-07
2003-01-09,1.1e-06
2003-01-10,7.599999999999999e-07
2003-01-11,8.699999999999999e-07
2003-01-12,7.1e-07
2003-01-13,7.1e-07
2003-01-14,6.2e-07
2003-01-15,4.5999999999999994e-07
2003-01-16,4.0999999999999994e-07
2003-01-17,3.6e-07
2003-01-18,3.5e-07
2003-01-19,3.5e-07
2003-01-20,4.2e-07
2003-01-21,5.4e-07
2003-01-22,3.4e-07
2003-01-23,4.2e-07
2003-01-24,4.4e-07
2003-01-25,3.2e-07
2003-01-26,2.6e-07
2003-01-27,2e-07
2003-01-28,2e-07
2003-01-29,2.5e-07
2003-01-30,1.8999999999999998e-07
2003-01-31,2.7999999999999997e-07
2003-02-01,4.5e-07
2003-02-02,4.2e-07
2003-02-03,3.8999999999999997e-07
2003-02-04,3.8999999999999997e-07
2003-02-05,4e-07
2003-02-06,5.9e-07
2003-02-07,3.7999999999999996e-07
2003-02-08,3.1e-07
2003-02-09,3.2e-07
2003-02-10,3.1e-07
2003-02-11,3.1e-07
2003-02-12,2.9e-07
2003-02-13,2.7e-07
2003-02-14,4.0999999999999994e-07
2003-02-15,4.7e-07
2003-02-16,2.7999999999999997e-07
2003-02-17,2.2999999999999997e-07
2003-02-18,1.3999999999999998e-07
2003-02-19,1.8999999999999998e-07
2003-02-20,2.7999999999999997e-07
2003-02-21,4.5e-07
2003-02-22,2.2e-07
2003-02-23,1e-07
2003-02-24,8e-08
2003-02-25,9.400000000000001e-08
2003-02-26,2.2e-07
2003-02-27,4.0999999999999994e-07
2003-02-28,4.5e-07
2003-03-01,5.1e-07
2003-03-02,5.3e-07
2003-03-03,3.7e-07
2003-03-04,3.7e-07
2003-03-05,3.4e-07
2003-03-06,4.0999999999999994e-07
2003-03-07,3.7999999999999996e-07
2003-03-08,3.7e-07
2003-03-09,3.7999999999999996e-07
2003-03-10,3.2999999999999996e-07
2003-03-11,2.9e-07
2003-03-12,2.6e-07
2003-03-13,2.6e-07
2003-03-14,2.5e-07
2003-03-15,2.5e-07
2003-03-16,3.5e-07
2003-03-17,3e-07
2003-03-18,4.2e-07
2003-03-19,3.6e-07
2003-03-20,2.1e-07
2003-03-21,1.6e-07
2003-03-22,1.3999999999999998e-07
2003-03-23,1.3e-07
2003-03-24,1.6e-07
2003-03-25,1.7e-07
2003-03-26,3.2999999999999996e-07
2003-03-27,4.2e-07
2003-03-28,3.4e-07
2003-03-29,4.2999999999999996e-07
2003-03-30,3.7999999999999996e-07
2003-03-31,3.7999999999999996e-07
2003-04-01,4e-07
2003-04-02,5.1e-07
2003-04-03,6.4e-07
2003-04-04,8.4e-07
2003-04-05,5e-07
2003-04-06,3.2999999999999996e-07
2003-04-07,2.6e-07
2003-04-08,2e-07
2003-04-09,2.1e-07
2003-04-10,1.3999999999999998e-07
2003-04-11,1.3e-07
2003-04-12,1.2e-07
2003-04-13,1.2e-07
2003-04-14,1.2e-07
2003-04-15,1.1e-07
2003-04-16,1.2e-07
2003-04-17,1.6e-07
2003-04-18,2.1e-07
2003-04-19,2.1e-07
2003-04-20,2.2999999999999997e-07
2003-04-21,3e-07
2003-04-22,4.7e-07
2003-04-23,4.9e-07
2003-04-24,4.0999999999999994e-07
2003-04-25,6.3e-07
2003-04-26,5.3e-07
2003-04-27,7.1e-07
2003-04-28,5.699999999999999e-07
2003-04-29,5.8e-07
2003-04-30,4.2999999999999996e-07
2003-05-01,5.2e-07
2003-05-02,3.6e-07
2003-05-03,5.4e-07
2003-05-04,5.8e-07
2003-05-05,5.1e-07
2003-05-06,5.4e-07
2003-05-07,6e-07
2003-05-08,5.3e-07
2003-05-09,2.7e-07
2003-05-10,1.2e-07
2003-05-11,8.199999999999999e-08
2003-05-12,7.4e-08
2003-05-13,9.7e-08
2003-05-14,1e-07
2003-05-15,1.3e-07
2003-05-16,1.5e-07
2003-05-17,1.6e-07
2003-05-18,1.7e-07
2003-05-19,2e-07
2003-05-20,2.4e-07
2003-05-21,2.6e-07
2003-05-22,2.7e-07
2003-05-23,2.5e-07
2003-05-24,2.7e-07
2003-05-25,2.5e-07
2003-05-26,3.5e-07
2003-05-27,4.2999999999999996e-07
2003-05-28,5.9e-07
2003-05-29,3e-07
2003-05-30,3.2999999999999996e-07
2003-05-31,4.5e-07
2003-06-01,6.8e-07
2003-06-02,1.1e-06
2003-06-03,3.7999999999999996e-07
2003-06-04,2.4e-07
2003-06-05,3.6e-07
2003-06-06,5.699999999999999e-07
2003-06-07,6.2e-07
2003-06-08,7.9e-07
2003-06-09,1.8e-06
2003-06-10,2.1e-06
2003-06-11,3.2999999999999997e-06
2003-06-12,1.8e-06
2003-06-13,2.1e-06
2003-06-14,1.2e-06
2003-06-15,5.8e-07
2003-06-16,3.6e-07
2003-06-17,2.7999999999999997e-07
2003-06-18,3.2e-07
2003-06-19,2.9e-07
2003-06-20,3e-07
2003-06-21,2.6e-07
2003-06-22,1.7e-07
2003-06-23,1.8999999999999998e-07
2003-06-24,2.9e-07
2003-06-25,2.4e-07
2003-06-26,3.7e-07
2003-06-27,3.7999999999999996e-07
2003-06-28,4.0999999999999994e-07
2003-06-29,3.7e-07
2003-06-30,4.5e-07
2003-07-01,3.7999999999999996e-07
2003-07-02,4.5e-07
2003-07-03,4.4e-07
2003-07-04,5.1e-07
2003-07-05,4.5999999999999994e-07
2003-07-06,3.7e-07
2003-07-07,3.2e-07
2003-07-08,4.5999999999999994e-07
2003-07-09,6.699999999999999e-07
2003-07-10,5.9e-07
2003-07-11,5.599999999999999e-07
2003-07-12,5.9e-07
2003-07-13,3.7999999999999996e-07
2003-07-14,3.2e-07
2003-07-15,2.6e-07
2003-07-16,2.7999999999999997e-07
2003-07-17,3.8999999999999997e-07
2003-07-18,4.2e-07
2003-07-19,5.4e-07
2003-07-20,8.9e-07
2003-07-21,6.599999999999999e-07
2003-07-22,7.2e-07
2003-07-23,5.3e-07
2003-07-24,5.1e-07
2003-07-25,4e-07
2003-07-26,2.7999999999999997e-07
2003-07-27,1.8999999999999998e-07
2003-07-28,2.2e-07
2003-07-29,1.6e-07
2003-07-30,1.6e-07
2003-07-31,1.8e-07
2003-08-01,2.9e-07
2003-08-02,3.2999999999999996e-07
2003-08-03,2.6e-07
2003-08-04,2.6e-07
2003-08-05,3.6e-07
2003-08-06,2.7e-07
2003-08-07,3.6e-07
2003-08-08,3.4e-07
2003-08-09,3.2999999999999996e-07
2003-08-10,3.2e-07
2003-08-11,3.2e-07
2003-08-12,2.7e-07
2003-08-13,6e-07
2003-08-14,1e-06
2003-08-15,6.8e-07
2003-08-16,4e-07
2003-08-17,3.7e-07
2003-08-18,3.2999999999999996e-07
2003-08-19,3.2999999999999996e-07
2003-08-20,2.7999999999999997e-07
2003-08-21,3.5e-07
2003-08-22,3.7e-07
2003-08-23,2.2999999999999997e-07
2003-08-24,2.4e-07
2003-08-25,2.5e-07
2003-08-26,3.1e-07
2003-08-27,3.7999999999999996e-07
2003-08-28,3.4e-07
2003-08-29,2.7999999999999997e-07
2003-08-30,2.7999999999999997e-07
2003-08-31,2.4e-07
2003-09-01,2.2e-07
2003-09-02,2.1e-07
2003-09-03,3e-07
2003-09-04,3.2e-07
2003-09-05,3.1e-07
2003-09-06,2.1e-07
2003-09-07,2.2e-07
2003-09-08,2.2999999999999997e-07
2003-09-09,1.6e-07
2003-09-10,1.7e-07
2003-09-11,1.8e-07
2003-09-12,1.5e-07
2003-09-13,1.8999999999999998e-07
2003-09-14,1.3999999999999998e-07
2003-09-15,3.1e-07
2003-09-16,4e-07
2003-09-17,3e-07
2003-09-18,2.7e-07
2003-09-19,4.0999999999999994e-07
2003-09-20,5.4e-07
2003-09-21,4.2e-07
2003-09-22,2.6e-07
2003-09-23,3e-07
2003-09-24,3.8999999999999997e-07
2003-09-25,2.9e-07
2003-09-26,3.4e-07
2003-09-27,3.1e-07
2003-09-28,4e-07
2003-09-29,4.8e-07
2003-09-30,6.599999999999999e-07
2003-10-01,5e-07
2003-10-02,4.4e-07
2003-10-03,4e-07
2003-10-04,3.5e-07
2003-10-05,2.2e-07
2003-10-06,1.8e-07
2003-10-07,2.6e-07
2003-10-08,2e-07
2003-10-09,1.8999999999999998e-07
2003-10-10,2e-07
2003-10-11,2.1e-07
2003-10-12,1.8e-07
2003-10-13,1.7e-07
2003-10-14,1e-07
2003-10-15,1.1e-07
2003-10-16,1.5e-07
2003-10-17,1.3999999999999998e-07
2003-10-18,2.4e-07
2003-10-19,5.599999999999999e-07
2003-10-20,6.499999999999999e-07
2003-10-21,1.4e-06
2003-10-22,4.9000000000000005e-06
2003-10-23,3e-06
2003-10-24,1.6e-06
2003-10-25,1.6e-06
2003-10-26,2.2e-06
2003-10-27,3.6e-06
2003-10-28,3.2e-06
2003-10-29,3.2999999999999997e-06
2003-10-30,2.8e-06
2003-10-31,1.8e-06
2003-11-01,1.8e-06
2003-11-02,1.8999999999999998e-06
2003-11-03,3.2e-06
2003-11-04,2.2999999999999996e-06
2003-11-05,1.2e-06
2003-11-06,2.5e-07
2003-11-07,1.6e-07
2003-11-08,1e-07
2003-11-09,9.7e-08
2003-11-10,1e-07
2003-11-11,1.8e-07
2003-11-12,2.2e-07
2003-11-13,3.2e-07
2003-11-14,2.2e-07
2003-11-15,1.8999999999999998e-07
2003-11-16,2.9e-07
2003-11-17,7.2e-07
2003-11-18,1.1e-06
2003-11-19,8.4e-07
2003-11-20,7.3e-07
2003-11-21,6.1e-07
2003-11-22,6.2e-07
2003-11-23,5.9e-07
2003-11-24,5.5e-07
2003-11-25,6.4e-07
2003-11-26,6e-07
2003-11-27,7e-07
2003-11-28,6.4e-07
2003-11-29,6.8e-07
2003-11-30,5.9e-07
2003-12-01,5.8e-07
2003-12-02,8.1e-07
2003-12-03,4.0999999999999994e-07
2003-12-04,3.2e-07
2003-12-05,3.1e-07
2003-12-06,4.7e-07
2003-12-07,2.1e-07
2003-12-08,1.2e-07
2003-12-09,1e-07
2003-12-10,8.7e-08
2003-12-11,7.7e-08
2003-12-12,7.4e-08
2003-12-13,9.7e-08
2003-12-14,1.3e-07
2003-12-15,2e-07
2003-12-16,2.4e-07
2003-12-17,3.7999999999999996e-07
2003-12-18,5.2e-07
2003-12-19,4.5999999999999994e-07
2003-12-20,4.0999999999999994e-07
2003-12-21,4e-07
2003-12-22,3.7999999999999996e-07
2003-12-23,4.5999999999999994e-07
2003-12-24,3.7999999999999996e-07
2003-12-25,4.5e-07
2003-12-26,3.5e-07
2003-12-27,2.7999999999999997e-07
2003-12-28,2.5e-07
2003-12-29,2.7e-07
2003-12-30,2.7999999999999997e-07
2003-12-31,3.8999999999999997e-07
